{
  "timestamp": "2025-05-27T00:59:59.319Z",
  "version": "1.0.0",
  "platform": "Node.js",
  "database": "SQLite3",
  "security": {
    "helmet": "enabled",
    "cors": "configured",
    "rateLimit": "active",
    "compression": "enabled",
    "encryption": "available"
  },
  "features": {
    "userAuthentication": "enabled",
    "contractManagement": "enabled",
    "trxDeposits": "enabled",
    "adminPanel": "enabled",
    "arabicInterface": "enabled",
    "backup": "automated"
  },
  "deployment": {
    "replit": "ready",
    "vercel": "configured",
    "ssl": "required",
    "monitoring": "available"
  },
  "logs": [
    "[2025-05-27T00:59:51.851Z] INFO: 🔍 فحص المتطلبات الأساسية...",
    "[2025-05-27T00:59:51.943Z] INFO: ✅ إصدار Node.js: v20.18.1",
    "[2025-05-27T00:59:52.220Z] INFO: ✅ إصدار npm: 10.8.2",
    "[2025-05-27T00:59:52.220Z] INFO: ✅ قاعدة البيانات موجودة",
    "[2025-05-27T00:59:52.221Z] INFO: 📦 تحديث التبعيات...",
    "[2025-05-27T00:59:52.221Z] INFO: 🧹 تنظيف التبعيات القديمة...",
    "[2025-05-27T00:59:57.437Z] INFO: 🔒 فحص الأمان...",
    "[2025-05-27T00:59:59.294Z] INFO: ✅ تم تحديث التبعيات بنجاح",
    "[2025-05-27T00:59:59.295Z] INFO: 🧪 اختبار التطبيق...",
    "[2025-05-27T00:59:59.295Z] INFO: 🚀 اختبار بدء التشغيل...",
    "[2025-05-27T00:59:59.318Z] INFO: ✅ تم اجتياز جميع الاختبارات",
    "[2025-05-27T00:59:59.318Z] INFO: ⚙️ إنشاء تكوين البيئة...",
    "[2025-05-27T00:59:59.319Z] INFO: ✅ تم إنشاء ملف .env.example",
    "[2025-05-27T00:59:59.319Z] INFO: 📊 إنشاء تقرير النشر..."
  ]
}